{"entities":{"pages":{"starter":{"id":"starter","title":"Git and GitHub","url":"starter.html","level":0,"tabIndex":0},"Installation-and-setup":{"id":"Installation-and-setup","title":"Installation and setup","url":"installation-and-setup.html","level":0,"tabIndex":1},"Basics-of-adding-and-committing":{"id":"Basics-of-adding-and-committing","title":"Basics of adding and committing","url":"basics-of-adding-and-committing.html","level":0,"tabIndex":2},"Branches":{"id":"Branches","title":"Branches","url":"branches.html","level":0,"tabIndex":3},"Merging-Branches":{"id":"Merging-Branches","title":"Merging Branches","url":"merging-branches.html","level":0,"tabIndex":4},"git-diff-comparing-changes":{"id":"git-diff-comparing-changes","title":"git diff - comparing changes","url":"git-diff-comparing-changes.html","level":0,"tabIndex":5},"stashing":{"id":"stashing","title":"Stashing","url":"stashing.html","level":0,"tabIndex":6},"GitHub":{"id":"GitHub","title":"GitHub","url":"github.html","level":0,"tabIndex":7},"Fetching-and-pulling":{"id":"Fetching-and-pulling","title":"Fetching and Pulling","url":"fetching-and-pulling.html","level":0,"tabIndex":8},"git-tags":{"id":"git-tags","title":"git tags","url":"git-tags.html","level":0,"tabIndex":9},"git-aliases":{"id":"git-aliases","title":"git aliases","url":"git-aliases.html","level":0,"tabIndex":10}}},"topLevelIds":["starter","Installation-and-setup","Basics-of-adding-and-committing","Branches","Merging-Branches","git-diff-comparing-changes","stashing","GitHub","Fetching-and-pulling","git-tags","git-aliases"]}